company,job-title,level
SynergisticIT,Junior/Entry Level Software Developer(Remote),Entry level
SynergisticIT,Backend Developer(Entry Level),Entry level
SynergisticIT,Junior Software Engineer,Entry level
SynergisticIT,Data Scientist(Rermote) - Junior/Entry Level,Entry level
SynergisticIT,Entry Level Full Stack Software Developer(remote),Entry level
SynergisticIT,Jr software engineer,Entry level
SynergisticIT,Entry Level Programmer/Coder/Developer/Data Scientist/Analyst/Engineer,Entry level
MindPal,Data Engineer,Entry level
SynergisticIT,Entry Level Data Architect (Remote),Mid-Senior level
MindPal,React Developer,Entry level
MindPal,Data Engineer,Entry level
MindPal,C++ Developer,Entry level
MindPal,Data Engineer,Entry level
MindPal,React Developer,Entry level
SynergisticIT,Jr. Java MERN Stack developer,Entry level
MindPal,Wordpress Developer,Entry level
VadaTech Inc.,Embedded Software Engineer,Entry level
RemoteWorker US,Software Developer (Contract) - Work From Home,Entry level
MindPal,Data Engineer,Entry level
Fusion HCR,GIS Analyst,Entry level
,,
VadaTech Inc.,Lead Hardware Test Engineer,Entry level
MindPal,Wordpress Developer,Entry level
,,
MindPal,C++ Developer,Entry level
SynergisticIT,Backend Developer(Entry Level),Entry level
SynergisticIT,Junior Software Engineer,Entry level
SynergisticIT,Data Scientist(Rermote) - Junior/Entry Level,Entry level
SynergisticIT,Entry Level Full Stack Software Developer(remote),Entry level
SynergisticIT,Jr software engineer,Entry level
SynergisticIT,Entry Level Programmer/Coder/Developer/Data Scientist/Analyst/Engineer,Entry level
MindPal,Data Engineer,Entry level
SynergisticIT,Entry Level Data Architect (Remote),Mid-Senior level
MindPal,React Developer,Entry level
MindPal,Data Engineer,Entry level
MindPal,C++ Developer,Entry level
MindPal,Data Engineer,Entry level
MindPal,React Developer,Entry level
SynergisticIT,Jr. Java MERN Stack developer,Entry level
MindPal,Wordpress Developer,Entry level
VadaTech Inc.,Embedded Software Engineer,Entry level
RemoteWorker US,Software Developer (Contract) - Work From Home,Entry level
MindPal,Data Engineer,Entry level
Fusion HCR,GIS Analyst,Entry level
Canonical,Software Engineer - Talent Science,Entry level
VadaTech Inc.,Lead Hardware Test Engineer,Entry level
MindPal,Wordpress Developer,Entry level
,,
,,
,,
SynergisticIT,Junior Software Engineer,Entry level
SynergisticIT,Entry Level Full Stack Software Developer(remote),Entry level
,,
SynergisticIT,Jr software engineer,Entry level
,,
,,
,,
,,
,,
,,
,,
MindPal,Data Engineer,Entry level
MindPal,React Developer,Entry level
,,
MindPal,Wordpress Developer,Entry level
VadaTech Inc.,Embedded Software Engineer,Entry level
RemoteWorker US,Software Developer (Contract) - Work From Home,Entry level
Fusion HCR,GIS Analyst,Entry level
VadaTech Inc.,Lead Hardware Test Engineer,Entry level
MindPal,Wordpress Developer,Entry level
RemoteWorker US,Software Developer (Contract) - Remote,Entry level
,,
Canonical,Software Engineer - Digital Workplace,Entry level
AMH,Site Reliability Engineer - (REMOTE),Associate
,,
SynergisticIT,Entry Level Full Stack Software Developer(remote),Entry level
,,
,,
,,
SynergisticIT,Entry Level Data Architect (Remote),Mid-Senior level
MindPal,Data Engineer,Entry level
,,
,,
MindPal,React Developer,Entry level
,,
MindPal,Data Engineer,Entry level
MindPal,React Developer,Entry level
,,
,,
VadaTech Inc.,Embedded Software Engineer,Entry level
,,
Fusion HCR,GIS Analyst,Entry level
VadaTech Inc.,Lead Hardware Test Engineer,Entry level
MindPal,Wordpress Developer,Entry level
,,
,,
Canonical,Software Engineer - Digital Workplace,Entry level
,,
MindPal,C++ Developer,Entry level
QuantumBricks,DevOps Engineer,Entry level
